section,tags,title,info,example
M1 - Architecture & design,memorize list,Flynn's taxonomy,"Classifies computer architectures by number of instruction streams × number of data streams: SISD, SIMD, MISD, MIMD.",
M1 - Architecture & design,acronym,SISD,"Single instruction stream, single data stream. A simple sequential computer.",
M1 - Architecture & design,acronym,SIMD,"Single instruction stream, multiple data streams. Vector or array computers.",A GPU applies the same shading instruction to millions of pixels at once.
M1 - Architecture & design,acronym,MISD,"Multiple instruction streams, single data stream. Fault-tolerant systems that compute redundantly on the same data and vote.",The Space Shuttle's four flight computers voting on every output.
M1 - Architecture & design,acronym,MIMD,"Multiple instruction streams, multiple data streams. Multi-core processors, distributed systems and networks.","An 8-core laptop running Chrome, Spotify and Zoom at once."
M1 - Architecture & design,,Pipe-and-filter architecture,"Each component processes (""filters"") a message and passes the result to the next component.",`cat log | grep 404 | sort`; a compiler's lexer → parser → code generator.
M1 - Architecture & design,,Blackboard architecture,One central component handles all communication; every component reads from and writes to it instead of talking to each other.,"A hospital patient chart that the doctor, lab and pharmacy all read and write."
M1 - Architecture & design,,Event-driven architecture,"Events determine the execution flow. Components subscribe to an event source, which notifies them, and they handle the event in a callback.",Any GUI: nothing happens until you click or type.
M1 - Architecture & design,memorize list,Characteristics of distributed systems,Resource sharing and synchronization; openness and standards; concurrency and parallelism; scalability; dependability and fault tolerance; transparency.,
M1 - Architecture & design,,Transparency (distributed systems),"Users can't see where or how a resource is located, replicated or moved; the system looks like one machine.",You don't know which Google server holds your Doc.
M1 - Architecture & design,comparison; memorize list,Issues of distributed vs. centralized systems,"More complexity; communication and connectivity problems; security and reliability risks; unpredictable, non-deterministic behavior.",
M1 - Architecture & design,,Two-tier (client-server) architecture,"Servers provide services and clients use them. Clients know the servers, but servers don't need to know the clients. Clients and servers are logical processes, so they can share a machine, and the mapping needn't be one-to-one.",
M1 - Architecture & design,,Thin client,The server does all processing and data management; the client only runs the GUI.,Remote Desktop or Citrix.
M1 - Architecture & design,,Fat (thick) client,The client runs the application logic and UI; the server only manages data.,Desktop Excel with OneDrive; video games; HTML5 apps.
M1 - Architecture & design,,Three-tier architecture,"Presentation tier, application-processing tier and data-management tier. Balances performance better than thin client, is simpler to manage than fat client, and scales by adding servers.",Online banking; Canvas.
M1 - Architecture & design,,Four-tier architecture with a service layer,The application is composed mostly from existing services in a service repository. An example of SOA (though SOA need not be tiered).,
M1 - Architecture & design,memorize list,Eight fallacies of distributed computing,False assumptions: the network is reliable; latency is zero; bandwidth is infinite; the network is secure; topology doesn't change; there is one administrator; transport cost is zero; the network is homogeneous.,
M1 - Architecture & design,,Distributed object architecture,No distinction between clients and servers: any object can provide services to others and use theirs. Objects communicate through an ORB (software bus).,
M1 - Architecture & design,memorize list,Pros and cons of distributed object architecture,"Pros: open, flexible, scalable, can reconfigure dynamically, lets designers delay where services live. Cons: harder to design than client-server, no separation of duties, competing standards.",
M1 - Architecture & design,acronym,ORB (Object Request Broker),"Middleware (""software bus"") that handles communication between distributed objects. The caller binds to an IDL stub; the ORB calls the target object through its IDL skeleton.",
M1 - Architecture & design,acronym,IDL stub,The client-side stand-in generated from an IDL interface. Calling the stub sends the call through the ORB to the remote object.,
M1 - Architecture & design,acronym,CORBA,"The Object Management Group (OMG) standard for an ORB. Interfaces are written in IDL and mapped to many languages, so objects in different languages interoperate.",
M1 - Architecture & design,acronym,DCOM,"Microsoft's competing distributed object approach (OLE → COM → COM+ → DCOM), later folded into .NET.",
M1 - Architecture & design,acronym; numbers,ESB (Enterprise Service Bus),"The service-oriented version of the ORB. Built on enterprise messaging and loosely coupled, unlike classic tightly coupled EAI.","8 systems wired pairwise need 8×7/2 = 28 links; with an ESB, 8."
M1 - Architecture & design,design pattern,Design pattern,"A reusable, general template for solving a recurring design problem. It is not a finished design, and algorithms are not design patterns.",
M1 - Architecture & design,design pattern,Singleton pattern,"Creational. Guarantees exactly one instance of a class, with a global access point.",An app's single shared logger.
M1 - Architecture & design,design pattern,Factory method pattern,Creational. A creation method (or subclass) decides which concrete class to instantiate.,.NET's `XmlReader.Create(...)`.
M1 - Architecture & design,design pattern,Abstract factory pattern,Creational. Creates families of related objects without naming their concrete classes.,A UI kit producing matching Windows-style or Mac-style widgets.
M1 - Architecture & design,design pattern,Lazy initialization pattern,Creational. Delays creating an expensive object until it's first needed.,Loading a photo only when you scroll to it.
M1 - Architecture & design,design pattern,Object pool pattern,Creational. Recycles expensive objects instead of creating new ones.,A database connection pool; the .NET thread pool.
M1 - Architecture & design,design pattern,Utility pattern,A class with a private constructor and only static methods.,`Math.Sqrt(9)`; you never create a Math object.
M1 - Architecture & design,design pattern,Adapter pattern,Structural. Converts one interface into the interface a client expects.,A travel plug adapter; wrapping old COBOL code behind a web service.
M1 - Architecture & design,design pattern,Decorator pattern,"Structural. Adds responsibilities to an object dynamically, without subclassing.",Java's `new BufferedReader(new FileReader(f))`.
M1 - Architecture & design,design pattern,Façade pattern,Structural. One simple interface in front of a complex subsystem.,"One `PlaceOrder()` call hiding inventory, payment and shipping."
M1 - Architecture & design,design pattern,Proxy pattern,Structural. A surrogate or placeholder that controls access to another object.,A web service client proxy; a debit card standing in for your bank account.
M1 - Architecture & design,design pattern,Command pattern,"Behavioral. Wraps a request as an object so it can be queued, logged or undone.",Undo/redo in Word.
M1 - Architecture & design,design pattern,Iterator pattern,Behavioral. Walks through a collection without exposing its internal structure.,C#'s `foreach`.
M1 - Architecture & design,design pattern,Mediator pattern,Behavioral. Objects communicate through a middleman instead of directly with each other.,An airport control tower.
M1 - Architecture & design,design pattern,State pattern,Behavioral. An object changes its behavior when its internal state changes.,"A vending machine that acts differently when idle, paid or sold out."
M1 - Architecture & design,design pattern,Observer pattern,"Behavioral. One-to-many dependency: when the subject changes, all its dependents are notified automatically.",C# events; subscribing to a YouTube channel.
M1 - Architecture & design,design pattern,Active Object pattern,"Concurrency. Separates calling a method from executing it, using async invocation plus a scheduler.",Clicking Print returns immediately; the spooler thread prints later.
M1 - Architecture & design,design pattern; synchronization,Monitor pattern,Concurrency. Synchronizes tasks that share a resource so only one uses it at a time.,A single-occupancy restroom with a lock.
M1 - Architecture & design,design pattern; synchronization,Read-Write Lock pattern,Concurrency. Allows concurrent reads but makes writes exclusive.,A Wikipedia page read by thousands while one person edits.
M1 - Architecture & design,design pattern,Reactor pattern,Concurrency. Demultiplexes concurrent requests and dispatches them to handlers.,IIS's http.sys request queue; Node.js's event loop.
M1 - Architecture & design,memorize list; write-in,Three-party model (SOA),"Service provider, service broker and application builder (service requester). Flow: develop → publish → find → bind → call → result.",
M1 - Architecture & design,write-in,Service provider,"Develops services (often active objects) in C#, Java, Python, etc., hosts them, and registers/publishes them with a broker.",Stripe providing payment processing.
M1 - Architecture & design,write-in,Service broker,"Keeps the registry and repository (directory) of services, with white, yellow and green pages. Providers publish to it; requesters search it.","UDDI, ebXML, RapidAPI."
M1 - Architecture & design,write-in,Application builder (service requester),"Finds services through the broker, binds to them through proxies, invokes them, and composes them into an application with a GUI for end users.",
M1 - Architecture & design,,Service,"The interface between producer and consumer: a well-defined, self-contained module that doesn't depend on other functions' context or state. No human UI; a loosely coupled standard API. Add a GUI and it becomes a (web) application.",
M1 - Architecture & design,acronym,SOA (Service-Oriented Architecture),"An architecture pattern: software made of loosely coupled, platform-independent services that communicate through standard interfaces.",
M1 - Architecture & design,acronym,SOC (Service-Oriented Computing),"The computing paradigm underneath SOA, one level deeper, including algorithms and data structures. Often used interchangeably with SOA.",
M1 - Architecture & design,acronym,SOD (Service-Oriented Development),"The whole development cycle built on SOA and SOC, including tools, databases and hosting.",
M1 - Architecture & design,,Web services (two kinds),"Services reachable over the web. SOAP/WSDL services (heavyweight) and RESTful services (lightweight, microservices).",
M1 - Architecture & design,comparison,Proxy vs. code migration/integration,"With a proxy, the code stays with the provider: platform-independent, loosely coupled, provider keeps IP and can upgrade without clients rebuilding. Costs: network latency/bandwidth on every call and dependence on the provider being up.","A store calling Stripe gets new fraud checks free, but checkout fails if Stripe is down."
M1 - Architecture & design,acronym; comparison,OOC vs. SOC,"OOC: classes, inheritance, polymorphism, in-process binding, reuse by integrating code, one team. SOC: loosely coupled platform-independent services, standard interfaces, remote (often dynamic) binding via proxies, message-based, three separate parties.",
M2 - Service-oriented architecture,acronym,XML,"A meta-language used to define other languages (SOAP, WSDL, UDDI, BPEL, RDF, OWL). You define your own tags, and every tag must be closed.",
M2 - Service-oriented architecture,acronym; comparison,XML vs. HTML,"HTML tags are predefined and format data for display; some can be left open. XML tags describe the meaning of data, require a schema, and are easy for machines to interpret.",
M2 - Service-oriented architecture,acronym,SOAP,"The protocol that carries messages between services and applications. A SOAP message is an XML document, Envelope → Header + Body, usually inside an HTTP packet.",Header = writing on the envelope; Body = the letter; HTTP = the mail truck.
M2 - Service-oriented architecture,acronym,MIME,"Multipurpose Internet Mail Extensions. Extends email format to support non-text attachments, multi-part bodies and non-ASCII headers.",
M2 - Service-oriented architecture,acronym; memorize list,WSDL (four aspects),"Web Services Description Language describes: functionality (in a taxonomy), the contract (parameter and return types), the binding (transport protocol, usually SOAP), and the address (URL). The last three can be generated automatically.",
M2 - Service-oriented architecture,acronym; memorize list,WSDL element structure,definitions (root) → service → port (URL) → binding (SOAP) → portType → operation → message in/out → types.,
M2 - Service-oriented architecture,acronym,WSDL ↔ OO mapping,WSDL interface ↔ interface; namespace ↔ namespace; service ↔ class; operation ↔ method; input type ↔ parameters; output type ↔ return value. Binding and address have no OO equivalent.,
M2 - Service-oriented architecture,comparison,Invoking a web service vs. RPC,"You invoke a web service by sending a message in a standard protocol, not by a remote procedure call: loosely coupled vs. tightly coupled, data flow vs. control flow.",
M2 - Service-oriented architecture,code; csharp,[ServiceContract] / [OperationContract],WCF attributes. [ServiceContract] marks the service interface; [OperationContract] marks each method that clients may call remotely. Unmarked methods stay internal.,
M2 - Service-oriented architecture,acronym,OASIS,"A nonprofit standards consortium (founded 1993 as SGML Open); the largest standards body for SOA and web services (UDDI, ebXML).",
M2 - Service-oriented architecture,acronym,UDDI white pages,"Provider information: business name, identifiers (e.g. DUNS number), contact details. Lookup by name.",
M2 - Service-oriented architecture,acronym,UDDI yellow pages,"Categorization: industry, product/service type, location. Lookup by category.",
M2 - Service-oriented architecture,acronym,UDDI green pages,"Technical information: the data structures, interfaces and APIs (URLs, protocols) a program needs to use the service.",
M2 - Service-oriented architecture,acronym; memorize list,ebXML (five modules),Business Process Specification Schema; Core Components; Collaboration Protocol Profiles and Agreements (CPPA); Message Service; Registry & Repository.,
M2 - Service-oriented architecture,comparison,Registry vs. repository,A registry stores metadata about artifacts (like a library catalog); a repository stores the artifacts themselves (the shelves). ebXML integrates both.,
M2 - Service-oriented architecture,acronym,Federated ebXML registry / SAML,"Multiple registries linked to act as one, using SAML for federated identity (single sign-on). Used in healthcare and government.",The Government of Canada case linking federal and provincial registries.
M2 - Service-oriented architecture,memorize list,Kinds of service brokers,"OASIS UDDI (limited automation; large IT companies), OASIS ebXML (extensive automation; government and non-IT), and ad hoc lists (manual search, e.g. a university's public service list).",
M2 - Service-oriented architecture,comparison,Web application vs. web service,A web application is for end users and has a GUI. A web service is for application builders and has an API (service interface).,
M2 - Service-oriented architecture,,Service proxy (client side),"A ""virtual"" object that opens a channel to the remote service. It contains each remote method's name, parameter list and return type, but no source code.","A TV remote: a button for every function, none of the TV's electronics."
M2 - Service-oriented architecture,acronym; memorize list,Endpoint (ABC),"An operation interface a service exposes. Address (where: the URL), Binding (how: protocol, e.g. BasicHttpsBinding), Contract (what: operations, parameter and return types).",
M2 - Service-oriented architecture,code,BasicHttpBinding → BasicHttpsBinding,"When a service requires HTTPS, its clients change the binding in Web.config from BasicHttpBinding to BasicHttpsBinding.",
M2 - Service-oriented architecture,memorize list,Three levels of SOA application building,"Architecture/interface specification (SCA, Oracle SOA Suite); process/workflow (BPEL, Windows Workflow Foundation, WSFL, XLANG); code (C#/Java binding through WSDL, SOAP, HTTP).",
M2 - Service-oriented architecture,acronym,BPEL,Business Process Execution Language: an XML workflow language that describes the steps of a process and which service performs each step.,An insurance claim: Submitted → Assigned → Approved → Paid.
M2 - Service-oriented architecture,comparison; memorize list,SOA myths vs. facts,"SOA is a design philosophy, not a technology; it doesn't require web services, and using web services doesn't make it SOA; it isn't new (EDI, CORBA, DCOM); it's a means not an end; build it incrementally; it needs tools, not consultants.",
M2 - Service-oriented architecture,,Impact of SOA on jobs,"A clearer split between software engineers (application builders) and programmers (service developers); shorter cycles; more reliable software; fewer programming-only jobs, more software-engineering jobs.",
M2 - Service-oriented architecture,code; csharp; write-in,IService.cs,"In a WCF project, holds the service contract: an interface marked [ServiceContract] whose methods are marked [OperationContract]. Signatures only, no implementation. (For REST it also carries [WebGet].)",
M2 - Service-oriented architecture,code; csharp,Service.svc.cs,The implementation class: an ordinary class that implements the IService interface and contains the method bodies.,
M2 - Service-oriented architecture,,Add Service Reference,Visual Studio feature that reads a service's WSDL and generates a static client proxy class at design/compile time.,
M2 - Service-oriented architecture,comparison,Static vs. dynamic binding (SOC),Static: the proxy is created at compile time (Add Service Reference). Dynamic (dynamic proxy): the service is chosen and bound at run time.,A travel site reading airline service URLs from a text file at run time.
M2 - Service-oriented architecture,,Dynamic binding (OO),A method call is bound to a method's address at run time instead of compile time. Requires a virtual method so a child class can override it.,"`Animal a = new Dog(); a.Speak();` prints ""Woof""."
M3 - Multithreading basics,acronym; code; csharp,InstanceContextMode (WCF),PerCall: a new service object per call. PerSession: one object per client session. Single: one shared object for everyone.,PerCall calculator; PerSession shopping cart; Single site-wide hit counter.
M3 - Multithreading basics,acronym; code; csharp,ConcurrencyMode (WCF),"Single: one thread at a time per instance. Reentrant: single, but allows callbacks to re-enter. Multiple: many threads at once, so you must synchronize.",
M3 - Multithreading basics,comparison,Program vs. process/thread,"A program (method) is static code. A process or thread is that code while running, together with its state and resources. A service is a class being hosted and executed.",
M3 - Multithreading basics,,Time slicing,"On one processor, threads only appear to run in parallel because the CPU switches between them. True parallelism needs multiple cores or processors.",
M3 - Multithreading basics,comparison,Thread stack vs. shared data,"Each thread has its own stack for local variables. Shared data (static fields, shared objects) is visible to all threads and needs synchronization.",
M3 - Multithreading basics,comparison,Heap vs. stack vs. static memory,Code and static data have sizes known at compile time. Objects created with `new` live on the heap. Local value-type variables live on the stack.,
M3 - Multithreading basics,code; numbers,fork(),"Unix call that copies the parent process. Returns 0 in the child, the child's PID in the parent, and −1 on error (only cause: out of resources).",
M3 - Multithreading basics,code,"exec (execl, execvp)",Replaces the current process image with a new program. Returns only if there's an error.,
M3 - Multithreading basics,code,wait() (Unix),The parent process blocks until a child process terminates. A shell waits for foreground commands but not background ones (`&`).,
M3 - Multithreading basics,,SimShell,"The case-study command interpreter built on fork + execvp + wait, with foreground and background execution.",
M3 - Multithreading basics,synchronization,Critical operation,An operation on a shared resource that gives wrong results if it is interleaved or interrupted halfway.,"Two ATM withdrawals both reading a $1,000 balance before either writes."
M3 - Multithreading basics,synchronization; concurrency bugs,Race condition (lost update),"The result depends on thread timing. Two threads read the same value, both modify it, and one write overwrites the other.",Two simultaneous likes on a 41-like post leave it at 42.
M3 - Multithreading basics,concurrency bugs,Deadlock,"Each party holds a resource while waiting for one another holds, so none can ever proceed.",Transfer A→B locks A then waits for B; transfer B→A locks B then waits for A.
M3 - Multithreading basics,concurrency bugs,Deadlock prevention,Design the system so the deadlock condition can never arise.,Always lock the lower-numbered account first.
M3 - Multithreading basics,concurrency bugs,Deadlock avoidance,Predict that a deadlock is likely and refuse or delay the request.,Traffic lights; level-crossing gates.
M3 - Multithreading basics,concurrency bugs,Deadlock detection and recovery,"Let deadlocks happen, detect them, then force a thread to release what it holds.","A database picks a ""deadlock victim"" and rolls it back."
M3 - Multithreading basics,concurrency bugs,Livelock,"Threads keep changing state in response to each other; resources stay free (unlike deadlock), but no one makes progress.",Two people sidestepping each other in a hallway.
M3 - Multithreading basics,concurrency bugs; numbers,Binary exponential backoff,"Ethernet's (CSMA/CD) livelock fix: after the n-th collision, wait a random 0 to 2ⁿ−1 time slots.",After the 4th collision: 0–15 slots.
M3 - Multithreading basics,concurrency bugs,Starvation,"A thread could get the resource in principle but never does in practice, often because higher-priority threads keep winning.",
M3 - Multithreading basics,concurrency bugs,Aging,Starvation fix: raise a thread's priority the longer it waits.,
M3 - Multithreading basics,code; java,Two ways to create a Java thread,(A) Extend Thread and override run(). (B) Implement Runnable and pass it to `new Thread(r)`. Use B when your class already extends another class (single inheritance).,
M3 - Multithreading basics,code; comparison; java,start() vs. run() (Java),start() creates a new thread that calls run(). Calling run() directly just runs the method on the current thread; no new thread is created.,
M3 - Multithreading basics,java; numbers,Java thread priorities,"Range 1–10: MIN_PRIORITY 1, NORM_PRIORITY 5 (default), MAX_PRIORITY 10. Equal priorities run round-robin; higher preempts lower.",
M3 - Multithreading basics,java,Thread life cycle,"Created → (start) ready → (dispatch) running → back to ready when the time slice ends. From running: waiting (wait/notify), sleeping (sleep), blocked, or terminated.",
M3 - Multithreading basics,code; synchronization; concurrency bugs,Busy waiting (spinning),"Looping on a condition such as `while(!writeable){}`. Wastes CPU time, and without a lock the check-then-set can still be interrupted.",
M3 - Multithreading basics,java; synchronization; write-in,Intrinsic lock (Java monitor),Every Java object has a lock. A synchronized method or block acquires it; other synchronized access to that object blocks until it's released.,
M3 - Multithreading basics,code; java; synchronization; write-in,wait() / notify() / notifyAll() (Java),wait() releases the object's lock and puts the thread in the waiting state. notify() wakes one waiting thread; notifyAll() wakes all. Called only while holding the lock.,
M3 - Multithreading basics,code; java; synchronization,Synchronized method facts,Locks the object for the whole method (can cause unnecessary blocking or deadlock); unsynchronized methods can still access the object; reentrant (a thread can re-acquire its own lock); the thread can still be interrupted inside it.,
M3 - Multithreading basics,code; java; synchronization,Synchronized statement (block),"`synchronized(obj){...}` locks only obj, only for the block: finer-grained than a synchronized method.",
M3 - Multithreading basics,code; java; synchronization,Protecting a static field,"`synchronized(this)` only locks one instance, so different instances can still update a static field at once. Lock on the class instead, e.g. `synchronized(Order.class)`.",
M3 - Multithreading basics,code; java,join(),"Blocks the calling thread until the target thread finishes. Without it, main may exit first, killing child threads and the shared objects it created.",
M3 - Multithreading basics,comparison; csharp,C# vs. C++ basics,"In C#, Main is a static method in a class; no global variables; single class inheritance but many interfaces; `override` keyword required; garbage collected; switch has no fall-through; pointers only in unsafe code; `==` compares string contents.",
M3 - Multithreading basics,code; csharp,Boxing / unboxing,Boxing wraps a value type in a reference type: `object x = v;`. Unboxing casts it back: `int v2 = (int)x;`.,
M3 - Multithreading basics,code; csharp; numbers,C# numeric sizes,"byte 8 bits (0–255), int 32, long 64 (always), float 32 (~7 digits), double 64 (~16 digits), decimal 128 (~28 digits, literal `3.0m`), char 16 (Unicode).",
M4 - Synchronization & coordination,code,Python threading.Thread,"`t = threading.Thread(target=func, args=(""P1"",))`, then `t.start()` and `t.join()`. Without join, the main thread can finish before its children.",
M4 - Synchronization & coordination,code,Python global declaration,A function must declare `global x` to modify a shared module-level variable.,
M4 - Synchronization & coordination,code; synchronization,threading.Lock / threading.Condition,"Lock gives mutual exclusion (`acquire()`, `release()` in finally). Condition replaces polling: `with cv:` then `cv.wait()` / `cv.notify()`.",
M4 - Synchronization & coordination,code; csharp; memorize list,System.Threading namespace,"Thread, Monitor, ReaderWriterLock, Mutex, Semaphore, AutoResetEvent, ManualResetEvent, Interlocked.",
M4 - Synchronization & coordination,code; csharp; memorize list,Thread methods (C#),"Start, Join, Sleep, Abort, Interrupt, Suspend, Resume.",
M4 - Synchronization & coordination,code; csharp; memorize list,Thread properties (C#),"CurrentThread, IsAlive, IsBackground, Name, Priority (Highest, AboveNormal, Normal, BelowNormal, Lowest), ThreadState.",
M4 - Synchronization & coordination,code; comparison; csharp,Foreground vs. background thread,Threads are foreground by default and keep the process alive until they finish. Background threads (IsBackground = true) are killed when the last foreground thread ends.,
M4 - Synchronization & coordination,code; comparison; csharp,ThreadStart vs. ParameterizedThreadStart,"ThreadStart delegates a method with no parameters: `new Thread(new ThreadStart(obj.Run))`. ParameterizedThreadStart takes one `object` argument, passed in `Start(arg)`.",
M4 - Synchronization & coordination,code; csharp; synchronization; write-in,Monitor.Enter / Monitor.Exit,Acquire and release an object's lock in C#. Enter blocks until the lock is free. Put Exit in a `finally` block so the lock is never orphaned.,
M4 - Synchronization & coordination,code; csharp; synchronization; write-in,lock statement (C#),`lock(obj){...}` is shorthand for Monitor.Enter(obj); try {...} finally { Monitor.Exit(obj); }. C#'s equivalent of Java's synchronized block. C# has no synchronized methods.,
M4 - Synchronization & coordination,synchronization; concurrency bugs,Orphaned lock,A lock that is never released because the thread threw an exception or exited before Exit. Prevented by calling Exit in a finally block.,
M4 - Synchronization & coordination,code; csharp; synchronization,Monitor.TryEnter,"Tries to acquire the lock, optionally with a timeout (ms or TimeSpan) and a `ref bool lockTaken`. Gives up instead of blocking forever.",An autosave that skips this round if the file is busy for more than 100 ms.
M4 - Synchronization & coordination,code; csharp; synchronization; write-in,Monitor.Wait / Pulse / PulseAll,C#'s versions of Java's wait / notify / notifyAll. Wait releases the lock and waits; Pulse wakes one waiting thread; PulseAll wakes all. Must hold the lock to call them.,
M4 - Synchronization & coordination,code; csharp; synchronization,"Why `while`, not `if`, around Wait","After waking, the condition may no longer be true (another thread got there first), so re-check it in a loop.",
M4 - Synchronization & coordination,synchronization; write-in,Producer/consumer (shared buffer),Producers write to and consumers read from a shared buffer. They communicate through the buffer cell (data) and a flag such as `writeable`; both set and get must be synchronized.,A restaurant ticket rail between waiters and cooks.
M4 - Synchronization & coordination,code; csharp; synchronization,ReaderWriterLock,Allows read/read overlap but not read/write or write/write. You must create an instance; AcquireReaderLock / AcquireWriterLock take timeouts. It doesn't name an object; it protects whatever code is between acquire and release.,
M4 - Synchronization & coordination,csharp; synchronization,SyncBlock,How Monitor is implemented: each object header holds a SyncBlock index pointing into a SyncBlock table that stores the lock.,
M4 - Synchronization & coordination,code; csharp; synchronization,Mutex,WaitOne() / ReleaseMutex(). Can synchronize across processes (named mutex); the OS frees it if the owner dies. Orders of magnitude slower than Monitor.,Allowing only one copy of an app to run.
M4 - Synchronization & coordination,synchronization,Named mutex / semaphore risk,"Named sync objects are system-wide, so malicious code can create one with the same name and interfere (denial of service).",
M4 - Synchronization & coordination,synchronization,Indivisible (atomic) instruction,"A hardware instruction that tests and sets one bit or word in a single uninterruptible step. Used to build locks and semaphores (""who locks the lock?"").",
M4 - Synchronization & coordination,acronym; synchronization,Test-and-set / LL-SC,"Hardware support for atomicity: MC68000 BSET, BCLR, BCHG; MIPS Load Linked / Store Conditional (SC fails if the location changed after LL).",
M4 - Synchronization & coordination,comparison; synchronization,Atomic instruction vs. object lock,Use an atomic instruction when the critical operation is a single update of one word or bit (e.g. `Interlocked.Increment`). Use an object lock when a sequence of statements must run as a unit.,
M4 - Synchronization & coordination,synchronization; write-in,Semaphore (concept),"A non-negative integer s that limits users of a pool of R identical resources to R or fewer. wait(s): if s > 0, s−−, else block. signal(s): s++. Both are indivisible.","A parking garage's ""spaces free"" sign."
M4 - Synchronization & coordination,code; csharp; synchronization; write-in,"C# Semaphore(initial, max)",WaitOne() decrements and blocks at 0. Release() increments and returns the previous count. Releasing past the max throws SemaphoreFullException.,
M4 - Synchronization & coordination,comparison; synchronization,Semaphore + lock together,"A semaphore counts resources but isn't tied to the objects, so two threads can still pick the same cell. Pair it with a lock on the cells.",
M4 - Synchronization & coordination,comparison; synchronization,Locks vs. coordination events,Locks/monitors guard a resource while threads compete; who wins doesn't matter (tennis). Coordination events set the order threads run in (table tennis). Also called thread triggers.,
M4 - Synchronization & coordination,code; csharp; synchronization,AutoResetEvent,"Each Set() releases exactly one waiting thread, then the event resets itself automatically.",A subway turnstile.
M4 - Synchronization & coordination,code; csharp; synchronization,ManualResetEvent,"Set() releases all waiting threads, and the event stays set until you call Reset().",A stadium gate.
M4 - Synchronization & coordination,comparison,Polling vs. event-driven,Polling (control flow) repeatedly checks for a change; fine for slow sensors. Event-driven: the source notifies subscribers when something happens.,Refreshing email every 30 s vs. a push notification.
M4 - Synchronization & coordination,code; csharp; write-in,Delegate,"A type that refers to methods with a particular signature, like a C++ function pointer. Lets you pass a method as a parameter.",
M4 - Synchronization & coordination,code; csharp,Multicast delegate,A delegate holding several methods; invoking it calls each in the order added. This is how an event notifies every subscriber.,
M4 - Synchronization & coordination,code; csharp; write-in,Defining an event (two parts),A subscription container (an `event` of a delegate type) and an emitter method that raises the event when there are subscribers.,
M4 - Synchronization & coordination,code; csharp; write-in,Subscribing to an event,`+=` subscribes a handler and `-=` unsubscribes it. Check for null (no subscribers) before raising.,`Hotel.PriceCut += new PriceCutEvent(agency.RoomOnSale);`
M4 - Synchronization & coordination,write-in,Callback / event handler,The subscriber's method that the event source calls when the event fires.,
M4 - Synchronization & coordination,code; comparison; csharp,ref vs. out,`ref` passes by reference and must be initialized before the call. `out` is output-only and needn't be initialized first.,
"M5 - Events, async & performance",write-in,Hotel/Agency case study,"Hotels raise a priceCut event when a new price is lower than the current one; subscribed agencies' roomOnSale handlers run. One hotel thread and N agency threads, started by Main.",
"M5 - Events, async & performance",write-in,Which thread runs an event handler?,"The thread that raised the event. In the Hotel example roomOnSale runs on the hotel thread, so Thread.CurrentThread.Name there is not the agency's name.",
"M5 - Events, async & performance",,Synchronous call,The caller blocks and waits for the response.,Standing at the counter until your food is ready.
"M5 - Events, async & performance",,Asynchronous one-way call,The caller sends and continues; there is no response.,Dropping a comment card in a box.
"M5 - Events, async & performance",write-in,Asynchronous callback,The caller continues; the callee later calls back into a handler with the result.,The restaurant texts you when your order is ready.
"M5 - Events, async & performance",write-in,Async non-blocking with a waiter thread,The caller continues while a separate thread waits for the response.,Sending a friend to wait at the counter.
"M5 - Events, async & performance",code; csharp; write-in,Task / async / await,Task (System.Threading.Tasks) runs work on the thread pool. An async method returns Task<T>. `await` suspends the method and frees the processor until the task finishes. No callback needed.,
"M5 - Events, async & performance",code; comparison; csharp,Busy-wait jobTime vs. Task.Delay,jobTime(ms) spins and holds the processor. `await Task.Delay(ms)` waits without using the processor.,
"M5 - Events, async & performance",comparison; numbers,Sync vs. async total time,Synchronous total = the sum of the calls. Asynchronous total = the longest parallel call plus any synchronous part.,"Travel example: 500+500+1500+1000 ≈ 3500 ms sync; 500 + max(500,1500,1000) ≈ 2000 ms async."
"M5 - Events, async & performance",memorize list,Levels of multithreading support,Single thread (serial) → multithreading on one core (context switching) → hyperthreading → multi-core (true parallelism).,
"M5 - Events, async & performance",,Hyperthreading,"Duplicates the control unit, registers and interrupt logic but shares execution units, so the OS sees two logical processors per core.","""Cores: 8, Logical processors: 16""."
"M5 - Events, async & performance",acronym,Intel TBB,"Threading Building Blocks, a C++ library that turns synchronous blocking calls into async non-blocking (event-driven) ones and flattens nested calls.",
"M5 - Events, async & performance",,Promise,An object the caller gets from an async request and can wait on later. Succeeds only if all its tasks succeed; fails if any fails. JavaScript Promise.all; C# Task.,
"M5 - Events, async & performance",acronym,OpenMP / Pthreads,"OpenMP: compiler directives for parallelism in C, C++ and Fortran. Pthreads: the POSIX threads library.",
"M5 - Events, async & performance",numbers,Speedup,S = T(1 thread) / T(N threads).,"120 s on 1 core, 20 s on 8 cores → S = 6."
"M5 - Events, async & performance",numbers,Efficiency,"E = S / N, where N is the number of threads or cores.",S = 6 on 8 cores → E = 75%.
"M5 - Events, async & performance",numbers,Why speedup < N (or < 1),Creating and coordinating threads has overhead. Bigger problems use threads more efficiently; more threads lower efficiency; with enough overhead the parallel version is slower than serial (S < 1).,
"M5 - Events, async & performance",acronym; numbers,Collatz (HOTPO) problem,"If n is even, n → n/2; if odd, n → 3n+1. Conjecture: every start reaches 1.",6 → 3 → 10 → 5 → 16 → 8 → 4 → 2 → 1 (8 steps).
"M5 - Events, async & performance",,Collatz case-study lessons,Contiguous blocks gave the last thread the biggest numbers (slowest thread decides total time); modulo split balanced the load but showed >100% efficiency because the single-thread baseline used one huge array. Lesson: compare fair implementations.,
"M5 - Events, async & performance",comparison,Partial correctness vs. termination,"Partial correctness: output is right whenever the program terminates (proved by induction or symbolic execution). Termination: it always halts, e.g. a loop variable strictly decreases.",
M6 - WSDL & RESTful services,acronym,WCF,"Windows Communication Foundation: supports platform-independent and platform-specific services, distributed transactions and WS-* specifications.",
M6 - WSDL & RESTful services,,targetNamespace / xmlns prefixes,"In WSDL, targetNamespace names the namespace being defined; prefixes like tns, xsd1 and soap qualify element and type names.",
M6 - WSDL & RESTful services,,WSDL types and message elements,types defines data types (like a C typedef); message elements declare an operation's inputs and outputs using those types.,"StockQuote: GetLastTradePrice takes a string tickerSymbol, returns a float price."
M6 - WSDL & RESTful services,acronym; http,HTTP request line,Method SP Request-URI SP HTTP-Version CRLF. Method names are case-sensitive.,`GET /books/42 HTTP/1.1`
M6 - WSDL & RESTful services,acronym; http,HTTP status line,HTTP-Version SP Status-Code SP Reason-Phrase CRLF.,"`HTTP/1.1 200 OK`, `404 Not Found`, `500 Internal Server Error`."
M6 - WSDL & RESTful services,http,GET,Retrieves the resource identified by the URI (or the data a process at that URI produces).,
M6 - WSDL & RESTful services,http,HEAD,"Same as GET, but the server must not return a body. Used for metadata, e.g. checking existence or size.",
M6 - WSDL & RESTful services,http,PUT,Creates or replaces the resource at the given URI.,
M6 - WSDL & RESTful services,http,POST,Adds the enclosed entity as a new subordinate of the resource (appends); the server picks its location.,POST /books adds a book and the server assigns id 43.
M6 - WSDL & RESTful services,http,DELETE,Deletes the resource. Success isn't guaranteed even with a success status (the server may only move it).,
M6 - WSDL & RESTful services,http,TRACE / CONNECT,"TRACE: loop-back test of the request. CONNECT: for a proxy that switches to a tunnel, e.g. SSL.",
M6 - WSDL & RESTful services,comparison; http,POST vs. PUT,"POST: ""here's something new, you decide where it goes"" (append). PUT: ""put this exactly at this address"" (replace or create there).",
M6 - WSDL & RESTful services,acronym; http,REST,"Representational State Transfer. Stateless communication that transfers representations of resources, each identified by a URI, over HTTP's uniform interface.",
M6 - WSDL & RESTful services,,Roy Fielding,Defined REST in his 2000 PhD dissertation; a principal author of HTTP 1.0 and 1.1.,
M6 - WSDL & RESTful services,http,REST constraint: client-server,Clients and servers are separate and talk through a uniform HTTP interface.,
M6 - WSDL & RESTful services,http,REST constraint: stateless,Each request is treated as if it came from a new client; every request carries everything needed.,Every API call includes your auth token.
M6 - WSDL & RESTful services,http,REST constraint: cacheable,Responses contain what's needed to reuse them on the client side.,
M6 - WSDL & RESTful services,http,REST constraint: layered,"Requests can be redirected transparently through intermediaries, even several times.",A CDN in front of a site.
M6 - WSDL & RESTful services,http,REST constraint: code on demand,The server can execute code itself or send a script to run on the client.,JavaScript sent with a web page.
M6 - WSDL & RESTful services,acronym; comparison,SOAP vs. REST,"SOAP focuses on the verb (call a remote method), is class-based and heavyweight, best for computation. REST focuses on the noun (access a resource), is lightweight and script-callable, best for data and resources.",
M6 - WSDL & RESTful services,code; csharp; memorize list,Converting a WCF SOAP service to REST,"(1) `using System.ServiceModel.Web;` in IService.cs; (2) add [WebGet] (with UriTemplate for 2+ args); (3) add `Factory=""System.ServiceModel.Activation.WebServiceHostFactory""` to the .svc markup; (4) remove <system.serviceModel> from Web.config. Service.svc.cs doesn't change.",
M6 - WSDL & RESTful services,code; csharp,[WebGet] and UriTemplate,[WebGet] exposes an operation over HTTP GET. UriTemplate maps URL parts to parameters; needed for 2+ arguments.,"`[WebGet(UriTemplate = ""add2?x={x}&y={y}"")]`"
M6 - WSDL & RESTful services,code; csharp,Calling REST with WebClient,"Build the URL (base + operation + parameters, e.g. with UriTemplate.BindByPosition), then `new WebClient().DownloadString(uri)`; or DownloadData + MemoryStream + DataContractSerializer.",
M6 - WSDL & RESTful services,code; csharp,Calling REST with HttpClient,"Asynchronous: `client.GetAsync("""").Result`, then `response.Content.ReadAsStringAsync().Result`.",
M6 - WSDL & RESTful services,http,Parts of a REST URL,"Base URL, operation, then `?` and the parameters separated by `&`.",`.../weather/forecast?zip=85281&days=3`
M6 - WSDL & RESTful services,acronym; csharp,ASP.NET Web API,"RESTful services without WCF, installed via NuGet (Microsoft.AspNet.WebApi). MVC-style, with Configuration and Controllers folders.",
M6 - WSDL & RESTful services,code; csharp,Web API route template,"`config.Routes.MapHttpRoute(""DefaultApi"", ""api/{controller}/{id}"", ...)` with id optional; plus `config.MapHttpAttributeRoutes()`. Registered from Global.asax's Application_Start.",GET /api/products/5 → ProductsController.Get(5).
M6 - WSDL & RESTful services,code; csharp,ApiController,Base class for Web API controllers. The HTTP method picks the C# method.,`HelloController : ApiController { public string Get() ... }` at /api/hello.
"M7 - Brokers, state, remoting & AJAX",memorize list; write-in,Hosting options,IIS Express/localhost for development; an IIS server or the cloud for professional hosting; self-hosting (running the service as threads in your own app) for low volume.,
"M7 - Brokers, state, remoting & AJAX",acronym,http.sys,IIS's kernel-mode listener. Receives requests from browsers and queues them (Reactor pattern). Isolated from crashes in user code.,
"M7 - Brokers, state, remoting & AJAX",acronym,Web Administration Service (WAS),"Handles configuration: registers web services and applications in the registry/metabase, and adds them to an existing request queue or creates a new one.",
"M7 - Brokers, state, remoting & AJAX",acronym,IIS worker process (w3wp.exe),User-mode process that executes web services and applications as its threads.,
"M7 - Brokers, state, remoting & AJAX",acronym,Just-In-Time (JIT) deployment,"Source is deployed and compiled on the first request, so the first request is slower; source can be redeployed while the service is being accessed. (Pre-compiled requires recompiling and redeploying the project.)",
"M7 - Brokers, state, remoting & AJAX",,Ideal service broker,"Publishes requirements and GUI templates, registers and tests services, keeps a QoS database, and helps builders assemble applications.",
"M7 - Brokers, state, remoting & AJAX",acronym,UDDI,"Universal Description, Discovery and Integration: a registry standard started by Microsoft, IBM and Ariba in 2000. Five data structures, each defined in XML Schema.",
"M7 - Brokers, state, remoting & AJAX",,businessEntity,"UDDI white pages. The provider: UUID businessKey, name, description, contacts, list of services, identifiers (DUNS) and categories (NAICS).",
"M7 - Brokers, state, remoting & AJAX",,businessService,"UDDI yellow pages. One service: serviceKey and businessKey, name, description, its bindingTemplates and categories.",
"M7 - Brokers, state, remoting & AJAX",,bindingTemplate,UDDI green pages. The technical description that links a businessService to an actual implementation: accessPoint (URL) and tModelInstanceDetails. One service can have several.,
"M7 - Brokers, state, remoting & AJAX",,tModel,"A technical model or specification, such as a WSDL interface type. A service declares that it implements one by referencing its tModelKey.",
"M7 - Brokers, state, remoting & AJAX",,publisherAssertion,"A relationship between two businessEntities (fromKey, toKey, keyedReference). Visible only when both parties publish it, so no one can falsely claim a relationship.",
"M7 - Brokers, state, remoting & AJAX",acronym; memorize list,UDDI inquiry API,"find_business, find_service, find_binding, find_tModel, the get_*Detail calls, and get_registeredInfo.",
"M7 - Brokers, state, remoting & AJAX",acronym; memorize list,UDDI publishing and security APIs,Publishing: save_* and delete_*. Security: get_authToken and discard_authToken.,
"M7 - Brokers, state, remoting & AJAX",memorize list,find_business arguments,"maxRows, findQualifiers (e.g. exactNameMatch), name (up to 5 in UDDI 2.0), discoveryURLs, identifierBag, categoryBag, tModelBag.",
"M7 - Brokers, state, remoting & AJAX",acronym,XML Schema,"Defines the structure of an XML tree, the way a database schema defines tables.",
"M7 - Brokers, state, remoting & AJAX",comparison,Ontology (vs. database),"Captures meaning and relationships between concepts, allowing semantic search and reasoning.","Finds ""vehicle hire"" when you search ""car rental""."
"M7 - Brokers, state, remoting & AJAX",acronym; http,HTTP is stateless,"Each request looks like it's from a new client, and ASP.NET builds a fresh page object per request, so class fields don't survive between requests.",
"M7 - Brokers, state, remoting & AJAX",code; csharp,ViewState,"Stores values in a hidden field of the generated page via `ViewState[""name""]`. Survives postbacks but is readable from the current page only.",
"M7 - Brokers, state, remoting & AJAX",code,Cross-page posting,"Transfers data to another page: post back to the server with `PostBackUrl=""Dest.aspx""`, then the destination page calls a public method on the source page.",
"M7 - Brokers, state, remoting & AJAX",,Session state,"Server memory, per user session.",A shopping cart while you browse.
"M7 - Brokers, state, remoting & AJAX",,Application state,Server memory shared by all sessions.,"A ""142 people viewing now"" counter."
"M7 - Brokers, state, remoting & AJAX",,Cookies,"State stored on the client's computer, so it survives closing the browser.","""Remember me for 30 days""."
"M7 - Brokers, state, remoting & AJAX",code,Text/XML file state,"Data written to a file in the server's App_Data folder survives server restarts. Uses Path.Combine(HttpRuntime.AppDomainAppPath, ""App_Data""), StreamWriter/StreamReader, File.Exists.",
"M7 - Brokers, state, remoting & AJAX",code; csharp,File upload (ASP.NET),"Check FileUploadControl.HasFile, get the folder with Server.MapPath(""~/""), create it if missing, then SaveAs(path + filename), inside try/catch.",
"M7 - Brokers, state, remoting & AJAX",code,Dynamic proxy,"Binds a service at run time: find and analyze the WSDL for operations and types, then create the proxy (e.g. DynamicProxyFactory → CreateProxy → CallMethod). Used for services not bound at compile time.",
"M7 - Brokers, state, remoting & AJAX",,Web service testing tool,"Black-box testing from only a WSDL: analyze it for URL, operations and types, generate test cases from input types, invoke dynamically (dynamic proxy), analyze results.",
"M7 - Brokers, state, remoting & AJAX",,Binding to a RESTful service,"Always dynamic: the client builds base URL + operation + parameters at run time. With no WSDL, programs can't discover operations automatically, so automated testing is harder.",
"M7 - Brokers, state, remoting & AJAX",,Nonremotable object,Can't leave its application domain. Most .NET base classes are nonremotable.,
"M7 - Brokers, state, remoting & AJAX",,Marshal-by-reference,The object stays put; the client gets a proxy that forwards calls. The web-services model.,Sharing a Google Docs link.
"M7 - Brokers, state, remoting & AJAX",,Marshal-by-value,The object is copied to the other application domain (migration / code integration).,Emailing a .docx attachment.
"M7 - Brokers, state, remoting & AJAX",,Why web services use only marshal-by-reference,"Marshal-by-value requires the same language environment on both sides, which breaks platform independence.",
"M7 - Brokers, state, remoting & AJAX",comparison,Remoting vs. web services (protocol),Remoting and remote APIs use TCP (connection-oriented). Web services and Web APIs use HTTP (message-oriented). Remote APIs suit embedded/IoT devices without HTTP.,
"M7 - Brokers, state, remoting & AJAX",code; csharp,.NET Remoting server and client,"Server class extends MarshalByRefObject. Client: new TcpClientChannel → ChannelServices.RegisterChannel → RemotingConfiguration.RegisterWellKnownClientType(type, ""tcp://..."") → `new SvrClock()` returns a proxy.",
"M7 - Brokers, state, remoting & AJAX",acronym; code; java,Java RMI,"Remote Method Invocation for distributed Java apps. Uses marshal-by-reference; the remote object extends UnicastRemoteObject, is registered in a directory (LDAP in the example, via bind/lookup), and the client calls it through a stub.",
"M7 - Brokers, state, remoting & AJAX",acronym,AJAX,"Asynchronous JavaScript and XML. Runs in the browser and refreshes part of a page without reloading it, making pages more responsive.",Google search suggestions; Gmail showing new mail.
"M7 - Brokers, state, remoting & AJAX",code,XMLHttpRequest flow,"Create the XMLHttpRequest (ActiveXObject in old IE), set `onreadystatechange`, call `open('GET', url, true)` (true = async) and `send(null)`; the callback uses responseText.",
"M7 - Brokers, state, remoting & AJAX",code; http,AJAX success check,`readyState == 4 && status == 200`: request done and HTTP OK.,
"M7 - Brokers, state, remoting & AJAX",,AJAX drawbacks,Complex client-side JavaScript; single-page model with no page transitions; not supported by every browser.,
"M7 - Brokers, state, remoting & AJAX",acronym; code,ASP.NET AJAX (server-side AJAX),"Formerly ""Atlas"". Mark the refreshable part of a page with a ScriptManager plus an UpdatePanel instead of writing JavaScript.",
